{
  "width": 9,
  "height": 16,
  "path": "M0.72723 8.64413L6.40544 14.7639C6.90402 15.3013 7.72585 15.3013 8.22438 14.7639C8.72296 14.2265 8.72296 13.3407 8.22438 12.8033L3.47119 7.66384L8.23934 2.52434C8.73793 1.98692 8.73793 1.1011 8.23934 0.563743C7.99005 0.295033 7.65249 0.152329 7.32984 0.152329C6.99229 0.152329 6.66964 0.294408 6.42034 0.563743L0.742723 6.68354C0.228658 7.22095 0.228658 8.10678 0.727249 8.64413L0.72723 8.64413Z"
}
