{
  "width": 9,
  "height": 16,
  "path": "M8.27277 7.35586L2.59456 1.23607C2.09598 0.698653 1.27415 0.698653 0.775624 1.23607C0.277037 1.77349 0.277037 2.65932 0.775624 3.19667L5.52881 8.33616L0.76066 13.4757C0.262073 14.0131 0.262073 14.8989 0.76066 15.4363C1.00995 15.705 1.34751 15.8477 1.67016 15.8477C2.00771 15.8477 2.33036 15.7056 2.57966 15.4363L8.25728 9.31646C8.77134 8.77905 8.77134 7.89322 8.27275 7.35586L8.27277 7.35586Z"
}
