{
  "width": 40,
  "height": 40,
  "path": "M1.07373 33.4784C-0.348236 34.8712 -0.377256 37.4247 1.10275 38.9046C2.58275 40.3845 5.13648 40.3264 6.52942 38.9336L19.9945 25.4697L33.4597 38.9046C34.9106 40.3555 37.4063 40.3845 38.8863 38.8756C40.3663 37.3957 40.3663 34.9003 38.9154 33.4494L25.4793 20.0145L38.9154 6.5506C40.3663 5.09975 40.3663 2.60428 38.8863 1.12441C37.4063 -0.384476 34.9106 -0.355459 33.4597 1.09539L19.9945 14.5303L6.52942 1.06638C5.13648 -0.326442 2.58275 -0.384476 1.10275 1.09539C-0.377256 2.57526 -0.348236 5.12876 1.07373 6.5506L14.5388 20.0145L1.07373 33.4784Z"
}
