{
  "width": 33.039,
  "height": 36.58,
  "path": "m14.16 0v18.49l-4.8223-4.8223-3.3398 3.3398 8.8496 8.8496h0.003906c0.4425 0.4448 1.0411 0.69336 1.668 0.69336s1.2255-0.24856 1.668-0.69336l8.8496-8.8496-3.3379-3.3398-4.8203 4.8223v-18.49zm-14.16 24.779v7.0801c0 1.2515 0.49778 2.4529 1.3828 3.3379 0.88503 0.885 2.0845 1.3828 3.3359 1.3828h23.602c1.2514 0 2.4509-0.49781 3.3359-1.3828 0.885-0.885 1.3828-2.0865 1.3828-3.3379v-7.0801h-4.7188v7.0801h-23.602v-7.0801z"
}
