{
  "width": 14,
  "height": 14,
  "path": "m1 0.33398c-0.36812 0-0.66602 0.29789-0.66602 0.66602v12c0 0.1769 0.070306 0.3457 0.19531 0.4707 0.12501 0.125 0.29383 0.19531 0.4707 0.19531h12c0.1768 0 0.34766-0.070313 0.47266-0.19531s0.19531-0.2938 0.19531-0.4707v-6c0-0.17688-0.070313-0.34571-0.19531-0.4707s-0.29586-0.19531-0.47266-0.19531c-0.3682 0-0.66602 0.29789-0.66602 0.66602v5.332h-10.666v-10.666h5.332c0.36813 0 0.66797-0.29788 0.66797-0.66602 0-0.36813-0.29984-0.66602-0.66797-0.66602h-6zm8.668 0c-0.36812 0-0.66602 0.29789-0.66602 0.66602 0 0.36813 0.2979 0.66602 0.66602 0.66602h1.7246l-4.8633 4.8633c-0.12875 0.12437-0.20126 0.29393-0.20312 0.47266-0.00125 0.17875 0.068432 0.35031 0.19531 0.47656 0.12625 0.12688 0.29781 0.19852 0.47656 0.19727 0.17875-0.00187 0.35024-0.076338 0.47461-0.20508l4.8613-4.8613v1.7227c0 0.36813 0.29987 0.66797 0.66797 0.66797 0.3682 0 0.66602-0.29984 0.66602-0.66797v-3.332c-6e-4 -0.26938-0.16271-0.5121-0.41211-0.61523-0.0807-0.033124-0.16641-0.050157-0.25391-0.050781h-3.334z"
}
