{
  "width": 32.96,
  "height": 27.463,
  "path": "m9.1699 0c-1.045 0-2.0689 0.14795-3.0566 0.44531-0.9878 0.2974-1.8601 0.73957-2.6191 1.3184-0.759 0.5788-1.368 1.2835-1.8359 2.1172-0.46269 0.8337-0.69727 1.8012-0.69727 2.9004v0.26562c0 2.1134 0.72396 3.7176 2.1641 4.8008 1.4401 1.0886 3.3834 1.7363 5.832 1.9434 0.9046 0.0903 1.6542 0.20677 2.252 0.35547 0.5979 0.1487 1.0697 0.33364 1.418 0.55664 0.3535 0.2231 0.59276 0.45799 0.72266 0.71289 0.13 0.2549 0.19922 0.53072 0.19922 0.82812 0 0.5097-0.25622 0.97615-0.76562 1.4062-0.5095 0.4301-1.4491 0.64844-2.8164 0.64844-1.544 0-2.6882-0.36066-3.4316-1.0723-0.74347-0.7168-1.2328-1.5515-1.4668-2.502l-5.0684 1.6934c0.14556 0.7753 0.4311 1.5724 0.8418 2.3848 0.4211 0.8178 1.0294 1.5614 1.8145 2.2305 0.7902 0.669 1.7789 1.2259 2.9746 1.6719 1.1905 0.4461 2.6346 0.66992 4.3242 0.66992 2.8542 0 5.0692-0.65324 6.6445-1.9648 1.5752-1.3116 2.3594-3.0639 2.3594-5.2676v-0.26562c0-1.9913-0.69525-3.547-2.0938-4.6621s-3.2033-1.7904-5.418-2.0293c-1.9236-0.2071-3.2487-0.466-3.9766-0.7793-0.72779-0.3134-1.0918-0.82416-1.0918-1.541 0-0.50448 0.23391-0.92804 0.69141-1.252 0.4679-0.34516 1.169-0.51562 2.0996-0.51562 1.019 1e-7 1.8508 0.22943 2.4902 0.69141 0.6447 0.462 1.0975 1.0927 1.3574 1.8945l4.9805-2.0547c-0.234-0.6266-0.56721-1.2743-1.0039-1.9434s-1.0085-1.2798-1.7051-1.832c-0.7019-0.54699-1.5533-0.99273-2.5566-1.3379-1.0034-0.34515-2.1952-0.51562-3.5625-0.51562zm11.111 20.025v7.4375h12.68v-7.4375z"
}
