{
  "width": 24,
  "height": 24,
  "path": "m2.3911 3.5211c-0.90411 0-1.6958 0.79165-1.6958 1.6958v13.566c0 0.90419 0.79166 1.6958 1.6958 1.6958h19.218c0.90419 0 1.6958-0.79159 1.6958-1.6958v-13.566c0-0.90413-0.79158-1.6958-1.6958-1.6958zm0 1.1315h19.218c0.33897 0 0.5673 0.22533 0.5673 0.56424v2.1496l-5.3142 2.0331c-0.90403-1.6957-2.7134-2.9377-4.8604-2.9377-2.1483 0-3.9564 1.2422-4.8604 2.9377l-5.3142-2.0331v-2.1496c0-0.33891 0.22534-0.56424 0.56424-0.56424zm9.6104 3.0512c1.5831 0 3.0512 0.90634 3.7289 2.2631 0.2264 0.33891 0.34017 0.67499 0.45384 1.015 0.11257 0.33891 0.11346 0.67804 0.11346 1.0181 0 2.3734-1.9228 4.2962-4.2962 4.2962-2.3735-0.001099-4.2962-1.9227-4.2962-4.2962 0-0.33891 8.724e-4 -0.67804 0.11346-1.0181 0.11372-0.33891 0.22447-0.67607 0.45078-1.015 0.79154-1.3567 2.1501-2.2631 3.7319-2.2631zm-10.175 0.90462 4.9739 1.9227c-0.11259 0.45263-0.22385 0.90364-0.22385 1.4689 0 3.0525 2.486 5.4246 5.4246 5.4246 2.9386 0 5.4246-2.486 5.4246-5.4246 0-0.45263-0.11325-1.0174-0.22692-1.4689l4.9769-1.9227v10.175c0 0.33897-0.22833 0.56424-0.5673 0.56424h-19.218c-0.33889 0-0.56424-0.22526-0.56424-0.56424zm10.175 0c-0.33891-1e-7 -0.56424 0.22841-0.56424 0.5673v2.26h-2.3735c-0.34003 0.11259-0.45384 0.33793-0.45384 0.56424-1e-7 0.33891 0.22534 0.56424 0.56424 0.56424h2.2631v2.2631c0 0.33897 0.22533 0.56424 0.56424 0.56424 0.33891 0 0.56424-0.22526 0.56424-0.56424v-2.2631h2.26c0.33897 0 0.5673-0.22532 0.5673-0.56424 0-0.22631-0.2276-0.45163-0.45384-0.56424h-2.3735v-2.26c0-0.33891-0.22532-0.5673-0.56424-0.5673z"
}
