{
  "width": 32,
  "height": 32,
  "path": "m7.579 1.4973c-3.3552 0-6.082 2.7261-6.082 6.0813v16.842c0 3.3552 2.7268 6.082 6.082 6.082h12.487c1.3761 0 2.6663-0.53336 3.6403-1.5056l5.2905-5.2912c0.97221-0.9722 1.5063-2.2642 1.5063-3.6403v-12.487c0-3.3552-2.7268-6.0813-6.082-6.0813zm0 2.807h16.842c1.8056 0 3.275 1.4688 3.275 3.2744v12.487c0 0.6268-0.24352 1.2123-0.68393 1.6564l-5.2905 5.2905c-0.44042 0.44042-1.0288 0.68325-1.6557 0.68325h-12.487c-1.8055 0-3.275-1.4695-3.275-3.275v-16.842c0-1.8055 1.4695-3.2744 3.275-3.2744zm8.421 5.1459c-0.77117 0-1.4035 0.63232-1.4035 1.4035v3.7424h-3.7424c-0.77118 0-1.4035 0.63232-1.4035 1.4035s0.63231 1.4035 1.4035 1.4035h3.7424v3.7431c0 0.77117 0.63232 1.4035 1.4035 1.4035s1.4035-0.63232 1.4035-1.4035v-3.7431h3.7424c0.77117 0 1.4035-0.63232 1.4035-1.4035s-0.63232-1.4035-1.4035-1.4035h-3.7424v-3.7424c0-0.77117-0.63232-1.4035-1.4035-1.4035z"
}
