{
  "width": 20,
  "height": 20,
  "path": "M18.1943 7.8846C18.3693 8.56057 18.4616 9.27018 18.4616 10C18.4616 14.6703 14.6705 18.4615 10.0004 18.4615C5.33037 18.4615 1.53928 14.6703 1.53928 10C1.53928 5.32972 5.33037 1.53846 10.0004 1.53846C10.7312 1.53846 11.4398 1.63077 12.1157 1.80576C12.5273 1.91153 12.9465 1.66441 13.0522 1.25287C13.158 0.841329 12.9109 0.422105 12.4994 0.315372C11.7004 0.109603 10.8629 0 9.99954 0C4.48053 0 0 4.48074 0 10C0 15.5193 4.48053 20 9.99954 20C15.5186 20 19.9991 15.5193 19.9991 10C19.9991 9.13654 19.8895 8.29903 19.6837 7.50006C19.578 7.08852 19.1578 6.8414 18.7463 6.94718C18.3347 7.05294 18.0876 7.47313 18.1934 7.88372L18.1943 7.8846ZM9.23126 5.1587C8.84282 5.23658 8.47553 5.41061 8.16401 5.66927L8.16305 5.67023C7.61019 6.13081 7.28809 6.81253 7.28521 7.53273C7.28136 8.25292 7.59576 8.93753 8.14382 9.40485L10.7975 11.6635C11.0004 11.8366 11.1177 12.0914 11.1167 12.3577C11.1148 12.625 10.9956 12.8779 10.7908 13.0491L10.7888 13.051C10.6071 13.202 10.3716 13.2731 10.136 13.2472C9.9014 13.2212 9.67928 13.0914 9.54275 12.9125C9.13605 12.3827 8.76489 11.8991 8.76489 11.8991C8.50624 11.5625 8.02262 11.4981 7.68609 11.7568C7.34957 12.0154 7.28611 12.4991 7.54475 12.8356C7.54475 12.8356 7.91589 13.3193 8.32261 13.8491C8.56395 14.1645 8.8774 14.4106 9.23123 14.5731V15.6808C9.23123 16.0693 9.49467 16.45 10.0004 16.45C10.5062 16.45 10.7696 16.0635 10.7696 15.6741V14.7308C11.135 14.6472 11.4802 14.4789 11.7734 14.2337C11.7744 14.2328 11.7744 14.2328 11.7753 14.2318C12.3292 13.7703 12.6513 13.0876 12.6551 12.3664C12.6589 11.6453 12.3436 10.9597 11.7955 10.4924L9.14185 8.23371C8.93898 8.0616 8.82263 7.80775 8.82455 7.54141C8.82648 7.27507 8.94474 7.02313 9.14953 6.85198L9.1505 6.85102C9.33222 6.70006 9.56778 6.6289 9.80238 6.65583C10.0149 6.67986 10.2649 6.82217 10.3946 6.99237C10.8292 7.56352 11.235 8.09814 11.235 8.09814C11.4917 8.4366 11.9744 8.50198 12.3128 8.24525C12.6503 7.98852 12.7167 7.50487 12.4599 7.16737C12.4599 7.16737 12.0542 6.63275 11.6196 6.0616C11.3927 5.76257 11.1013 5.5241 10.7706 5.36063V4.31927C10.7706 3.89426 10.4264 3.55004 10.0014 3.55004C9.57641 3.55004 9.23221 3.89426 9.23221 4.31927V5.15871L9.23126 5.1587ZM15.3848 3.07697H13.0772C12.6522 3.07697 12.308 3.42119 12.308 3.8462C12.308 4.27121 12.6522 4.61543 13.0772 4.61543H15.3848V6.92313C15.3848 7.34814 15.729 7.69236 16.154 7.69236C16.579 7.69236 16.9232 7.34814 16.9232 6.92313V4.61543H19.2308C19.6558 4.61543 20 4.27121 20 3.8462C20 3.42119 19.6558 3.07697 19.2308 3.07697H16.9232V0.76928C16.9232 0.344271 16.579 4.92976e-05 16.154 4.92976e-05C15.729 4.92976e-05 15.3848 0.344271 15.3848 0.76928V3.07697Z"
}
