{
  "width": 14.89,
  "height": 15.371,
  "path": "m4.9541 0c-1.14 0-2.1228 0.80244-2.3516 1.9199l-0.66211 3.2148-0.076172 0.38477h-0.90039c-0.53061 0-0.95898 0.42836-0.95898 0.95898 0 0.53061 0.42837 0.96094 0.95898 0.96094h12.961c0.5306 0 0.95898-0.42836 0.95898-0.95898 0-0.53062-0.42838-0.96094-0.95898-0.96094h-0.90039l-0.080078-0.38672-0.66211-3.2129c-0.2278-1.1175-1.2106-1.9199-2.3516-1.9199zm0.011719 1.9199h4.9668c0.2315-0.00469 0.43357 0.15695 0.48047 0.38477l0.64844 3.2148h-7.2363l0.66016-3.2148c0.04594-0.22781 0.24796-0.38945 0.48047-0.38477zm2.4727 6.9629c-0.73441 0-1.4697 0.27768-2.0312 0.83594-0.79219-0.71528-1.8869-0.99452-2.9258-0.74609-1.0378 0.24938-1.886 0.99363-2.2676 1.9902-0.38155 0.9975-0.24718 2.1197 0.35938 2.998 0.6058 0.87832 1.6054 1.4008 2.6719 1.3984h0.0019531c1.741-0.002093 3.1689-1.3787 3.2344-3.1191v-0.48047c0-0.5306 0.43032-0.96094 0.96094-0.96094 0.53061 0 0.96094 0.43034 0.96094 0.96094v0.48047c0.05344 1.5215 1.155 2.7997 2.6523 3.0762 1.4972 0.2765 2.9848-0.52523 3.5781-1.9277 0.5925-1.4016 0.13192-3.0269-1.1094-3.9082-1.2403-0.88219-2.9289-0.78261-4.0566 0.23828-0.56204-0.55825-1.2949-0.83594-2.0293-0.83594zm-4.1953 1.916c0.53344 0 1.0144 0.32321 1.2188 0.81641 0.20437 0.4931 0.091724 1.0597-0.28516 1.4375-0.37781 0.3769-0.94633 0.49151-1.4395 0.28711-0.49313-0.2043-0.81445-0.6873-0.81445-1.2207 0-0.7294 0.59092-1.3203 1.3203-1.3203zm8.3984 0c0.5335 0 1.0163 0.32321 1.2207 0.81641 0.2044 0.4931 0.091644 1.0597-0.28516 1.4375-0.3779 0.3769-0.94635 0.49151-1.4395 0.28711-0.4931-0.2043-0.81445-0.6873-0.81445-1.2207 0-0.7294 0.58896-1.3203 1.3184-1.3203z"
}
