{
  "width": 8,
  "height": 6,
  "path": "M0.366565 0H7.63312C7.98312 0 8.09968 0.23344 7.91656 0.51656L4.28344 5.83344C4.22688 5.93219 4.12188 5.99313 4.00844 5.99313C3.89469 5.99313 3.78969 5.93219 3.73344 5.83344L0.0834448 0.51656C-0.0999952 0.233432 0.0165696 0 0.366573 0H0.366565Z"
}
