{
  "width": 32,
  "height": 32,
  "path": "m5.132 10.335c-0.87125 0-1.5762 0.70494-1.5762 1.5762v7.8816h3.1526v-4.0757l7.7875 7.7838c0.64963 0.6542 1.5347 1.0222 2.4584 1.0207 0.92362 0.001575 1.8086-0.36642 2.4582-1.0207l10.018-10.013-2.2305-2.2305-10.018 10.018c-0.12778 0.1216-0.33093 0.1216-0.46023 0l-7.7838-7.7877h4.0757v-3.1526z"
}
