{
  "width": 21.24,
  "height": 19.683,
  "path": "m10.713 8.9854e-5c-1.2759-0.0055077-2.5719 0.24209-3.8203 0.76953-2.5472 1.0725-4.5701 3.2354-5.4863 5.8711v-3.1289c0-0.42201-0.28112-0.70312-0.70313-0.70312-0.422 0-0.70312 0.28112-0.70312 0.70312v4.2207c0 0.422 0.28112 0.70312 0.70312 0.70312h4.2207c0.35167 0 0.70312-0.28112 0.70312-0.70312 0-0.422-0.28112-0.70312-0.70312-0.70312h-3.5176v-0.0019532h1.3359c1.1957-3.376 4.4308-5.625 7.9473-5.625 3.376 0 6.4722 2.0381 7.8086 5.2031 0.0704 0.28133 0.35151 0.42383 0.63281 0.42383 0.422 0 0.70312-0.28308 0.70312-0.70508 0-0.07034 8.7e-5 -0.21091-0.070312-0.28125-1.5825-3.7453-5.2231-6.0264-9.0508-6.043zm-0.023437 7.0293c-1.5534 0-2.8125 1.259-2.8125 2.8125 0 1.5535 1.259 2.8125 2.8125 2.8125 1.5535 0 2.8145-1.259 2.8145-2.8125 0-1.5535-1.261-2.8125-2.8145-2.8125zm5.627 4.2188c-0.422 0-0.70312 0.28112-0.70312 0.70312s0.28112 0.70312 0.70312 0.70312h3.5176v0.001953h-1.125c-1.1956 3.376-4.4326 5.625-8.0195 5.625-3.376 0-6.4702-2.0381-7.8066-5.2031-0.07034-0.211-0.28117-0.42383-0.5625-0.42383-0.422 0-0.70312 0.28308-0.70312 0.70508 0 0.0703-2.75e-5 0.21095 0.070312 0.28125 2.11 4.9938 7.8773 7.3831 12.871 5.2734 2.4184-0.99219 4.2879-2.9144 5.2754-5.2832v2.541c0 0.422 0.28112 0.70312 0.70312 0.70312s0.70312-0.28112 0.70312-0.70312v-4.2207c0-0.422-0.28112-0.70312-0.70312-0.70312z"
}
