{
  "width": 21.082,
  "height": 15.332,
  "path": "m2.3945 0c-1.3225 8.9e-4 -2.3936 1.0721-2.3945 2.3945v8.625c8.9899e-4 1.3225 1.0721 2.3946 2.3945 2.3965 0.12758 0 0.24998-0.050825 0.33984-0.14062l12.457-12.459c0.1366-0.13746 0.17917-0.3427 0.10547-0.52148-0.0745-0.17969-0.24926-0.29492-0.44336-0.29492zm0 0.95703h11.303l-2.875 2.875h-9.8652v-1.4375c9e-4 -0.79331 0.64419-1.4366 1.4375-1.4375zm15.334 0.95898c-0.1267 0-0.24809 0.050775-0.33789 0.14062l-12.459 12.459c-0.13657 0.1366-0.17809 0.34268-0.10352 0.52148 0.07367 0.1788 0.24824 0.29492 0.44141 0.29492h13.418c1.3225-9e-4 2.3935-1.0721 2.3945-2.3945v-8.625c-9e-4 -1.3225-1.072-2.3946-2.3945-2.3965zm0.19922 0.95898h0.75976c0.7934 9e-4 1.4367 0.64329 1.4375 1.4375v1.4375h-5.0723zm-16.971 1.916h8.9063l-7.6543 7.6543c-0.71516-0.0943-1.2502-0.70428-1.252-1.4258zm19.168 1.916v6.2305c-8e-4 0.7933-0.6441 1.4366-1.4375 1.4375h-12.26l7.666-7.666zm-4.3125 3.834c-0.265 0-0.48047 0.21432-0.48047 0.47852 0 0.265 0.21547 0.48047 0.48047 0.48047h1.916c0.1267 0 0.24809-0.050825 0.33789-0.14062 0.0899-0.0899 0.14062-0.21224 0.14062-0.33984 0-0.1267-0.050725-0.24809-0.14062-0.33789-0.0898-0.0899-0.21119-0.14062-0.33789-0.14062z"
}
