{
  "width": 21,
  "height": 17,
  "path": "m5.2871 0.30859c-1.7246 0.00293-3.122 1.4004-3.125 3.125v5.1133c0 0.34473 0.28027 0.625 0.625 0.625 0.3457 0 0.625-0.28027 0.625-0.625v-3.0469h16.176v6.0605c-2e-3 1.0351-0.8399 1.874-1.875 1.875h-9.4004c-0.34472 0-0.625 0.2802-0.625 0.625 0 0.3457 0.28028 0.625 0.625 0.625h9.4004c1.7246-2e-3 3.123-1.3995 3.125-3.125v-8.127c-3e-3 -1.7246-1.4004-3.122-3.125-3.125h-12.426zm0 1.252h12.426c1.0351 0.00195 1.873 0.84082 1.875 1.875v0.81445h-16.176v-0.81445c0.00195-1.0342 0.83985-1.873 1.875-1.875zm1.957 5.0762c-0.62824 0.06313-1.2065 0.37577-1.6133 0.86914l-0.70703 0.86523c-0.21408 0.26161-0.17969 0.65025 0.076172 0.86914 0.25587 0.21852 0.63589 0.18386 0.84961-0.078125l0.70703-0.86523c0.20891-0.25481 0.5097-0.41293 0.83398-0.4375s0.64537 0.086231 0.88867 0.30664c0.48179 0.45783 0.52483 1.2217 0.099609 1.7344l-1.4707 1.8008-0.013672 0.015625c-0.07839 0.0934-0.17102 0.17368-0.27344 0.23828-0.48845 0.3096-1.1221 0.22287-1.5137-0.20703-0.2274-0.2488-0.60948-0.2611-0.85352-0.029297-0.24366 0.2321-0.25754 0.62149-0.03125 0.87109 0.55501 0.6086 1.3738 0.8914 2.1758 0.75 0.1235-0.0219 0.24458-0.054903 0.36328-0.095703 0.4193-0.1448 0.79066-0.40611 1.0742-0.75391l1.4688-1.7949c0.42152-0.5202 0.62219-1.1907 0.55859-1.8633-0.05805-0.65215-0.37108-1.2539-0.86914-1.666-0.49288-0.40301-1.1218-0.59243-1.75-0.5293zm-2.7188 2.9883c-0.69736 0.00957-1.3573 0.32491-1.8047 0.86133l-1.4805 1.7773c-0.3997 0.4838-0.59557 1.1043-0.54492 1.7305 0.050283 0.6258 0.34208 1.2083 0.81445 1.6211 0.48118 0.4165 1.1106 0.6184 1.7441 0.5625 0.07488-0.0059 0.14925-0.014143 0.22266-0.027343 0.56963-0.1001 1.0864-0.3985 1.459-0.8418l0.625-0.75195c0.21214-0.2546 0.18013-0.633-0.074219-0.8457-0.25398-0.2126-0.63356-0.17843-0.8457 0.076171l-0.62695 0.75391c-0.41475 0.5055-1.1536 0.59367-1.6758 0.20117-0.25362-0.2002-0.41546-0.49481-0.44922-0.81641-0.03377-0.3219 0.065214-0.64418 0.27148-0.89258l1.4863-1.7812 0.0097656-0.013672c0.07818-0.0909 0.16981-0.16757 0.27148-0.23047 0.43712-0.2734 0.99962-0.23384 1.3945 0.097657 0.04588 0.0386 0.088896 0.0798 0.12891 0.125 0.11525 0.131 0.28268 0.20562 0.45703 0.20312 0.17213-0.0022 0.33447-0.080091 0.44531-0.21289l0.0078125-0.009765c0.18976-0.2251 0.1855-0.55499-0.0097656-0.77539-0.46172-0.52387-1.1288-0.82011-1.8262-0.81055zm11.229 0.26758c-0.3457 0-0.625 0.2793-0.625 0.625 0 0.3447 0.2793 0.625 0.625 0.625h1.498c0.3457 0 0.625-0.2803 0.625-0.625 0-0.3457-0.2793-0.625-0.625-0.625h-1.498z"
}
