{
  "width": 24,
  "height": 24,
  "path": "m10.973 2.0547a1.0001 1.0001 0 0 0-0.082031 0.0058594c-4.9987 0.55257-8.8906 4.8032-8.8906 9.9395 0 5.5109 4.489 10 10 10 5.1363 0 9.3868-3.892 9.9395-8.8906a1.0001 1.0001 0 0 0-0.99414-1.1094h-8.9453v-8.9453a1.0001 1.0001 0 0 0-1.0273-1zm4.0312 0.45703c-0.55379-0.0021076-1.0039 0.44621-1.0039 1v5.4883c5.5e-5 0.55226 0.44774 0.99994 1 1h5.4883c0.68993-9.057e-4 1.1717-0.68364 0.94141-1.334-1.0051-2.8435-3.2522-5.0926-6.0957-6.0977-0.10606-0.037299-0.21765-0.056448-0.33008-0.056641zm-5.0039 1.873v8.6152a1.0001 1.0001 0 0 0 1 1h8.6152c-0.90365 3.4258-3.8955 6-7.6152 6-4.4301 0-8-3.5699-8-8 0-3.7198 2.5742-6.7116 6-7.6152z"
}
