{
  "width": 24,
  "height": 24,
  "path": "m12 2a1 1 0 0 0-0.25 0.03125 1 1 0 0 0-0.13086 0.046875c-5.1886 0.20718-9.3298 4.3456-9.541 9.5332a1 1 0 0 0-0.0019531 0.00586 1 1 0 0 0-0.029297 0.078124 1 1 0 0 0-0.037109 0.16406 1 1 0 0 0-0.0097656 0.14062 1 1 0 0 0 0.03125 0.25 1 1 0 0 0 0.046875 0.13086c0.20718 5.1886 4.3456 9.3298 9.5332 9.541a1 1 0 0 0 0.00586 0.001953 1 1 0 0 0 0.078124 0.029297 1 1 0 0 0 0.082032 0.021484 1 1 0 0 0 0.082031 0.015625 1 1 0 0 0 0.083984 0.007813 1 1 0 0 0 0.056641 0.001953 1 1 0 0 0 0.083984-0.003906 1 1 0 0 0 0.16602-0.027344 1 1 0 0 0 0.13086-0.046875c5.1886-0.20718 9.3298-4.3456 9.541-9.5332a1 1 0 0 0 0.001953-0.00586 1 1 0 0 0 0.029297-0.078124 1 1 0 0 0 0.037109-0.16406 1 1 0 0 0 0.007813-0.083984 1 1 0 0 0 0.001953-0.056641 1 1 0 0 0-0.078125-0.38086c-0.20718-5.1886-4.3456-9.3298-9.5332-9.541a1 1 0 0 0-0.00586-0.0019531 1 1 0 0 0-0.078124-0.029297 1 1 0 0 0-0.16406-0.037109 1 1 0 0 0-0.083984-0.0078125 1 1 0 0 0-0.056641-0.0019531zm0 2c0.008906 0 0.13352 0.0098527 0.38281 0.32617 0.24929 0.31632 0.54175 0.885 0.78906 1.627 0.41284 1.2385 0.60346 3.1208 0.69141 5.0469h-3.7266c0.087945-1.9261 0.27857-3.8084 0.69141-5.0469 0.24732-0.74196 0.53977-1.3106 0.78906-1.627 0.24929-0.31632 0.37391-0.32617 0.38281-0.32617zm-2.6797 0.53906c-0.11993 0.27602-0.28721 0.47099-0.39062 0.78125-0.50996 1.5299-0.7844 3.5209-0.86328 5.6797h-3.8652c0.39121-3.014 2.3443-5.4679 5.1191-6.4609zm5.3594 0c2.7748 0.99309 4.7279 3.4469 5.1191 6.4609h-3.8652c-0.078878-2.1588-0.35332-4.1498-0.86328-5.6797-0.10342-0.31026-0.2707-0.50523-0.39062-0.78125zm-10.479 8.4609h3.8652c0.078878 2.1588 0.35332 4.1498 0.86328 5.6797 0.10342 0.31026 0.2707 0.50523 0.39062 0.78125-2.7748-0.99308-4.7279-3.4469-5.1191-6.4609zm5.9355 0h3.7266c-0.087945 1.9261-0.27857 3.8084-0.69141 5.0469-0.24732 0.74195-0.53978 1.3106-0.78906 1.627-0.24929 0.31632-0.3739 0.32617-0.38281 0.32617s-0.13352-0.009856-0.38281-0.32617c-0.24929-0.31632-0.54175-0.885-0.78906-1.627-0.41284-1.2385-0.60346-3.1208-0.69141-5.0469zm5.7969 0h3.8652c-0.39121 3.014-2.3443 5.4679-5.1191 6.4609 0.11993-0.27602 0.28721-0.47099 0.39062-0.78125 0.50996-1.5299 0.7844-3.5209 0.86328-5.6797z"
}
