{
  "width": 18,
  "height": 16,
  "path": "M17.0985 6.68116C17.2853 7.35987 16.8655 8.05635 16.1612 8.2362L12.8877 9.0725C13.0501 8.61495 13.0449 8.11673 12.8726 7.66235L15.701 6.9398L14.2224 1.57119L6.36325 3.57872L7.61018 8.10592L6.37976 8.97273L4.96582 3.83741C4.77967 3.1587 5.1995 2.46348 5.90317 2.28237L13.9525 0.225865C14.6574 0.0472856 15.3796 0.450826 15.5677 1.1289L17.0985 6.68116ZM12.7492 10.5386C12.7234 10.4452 12.6601 10.3664 12.5736 10.3181C12.4871 10.2698 12.3841 10.2564 12.2877 10.2812L10.0085 10.862L11.6475 9.1519V9.15253C12.0132 8.78269 12.066 8.219 11.7742 7.79258C11.5069 7.41574 11.0217 7.24289 10.5643 7.35981C10.4296 7.39413 10.3029 7.45259 10.1907 7.53203L6.82278 9.91065H6.81288C6.5013 10.1305 6.07951 10.1375 5.76001 9.92844C5.57254 9.80007 5.43921 9.61133 5.38507 9.39654L4.46885 6.05955C4.38501 6.07225 4.3025 6.08941 4.22064 6.10975C3.70642 6.23939 3.24963 6.52472 2.91761 6.92317L0.683791 9.61887C0.592037 9.72944 0.561013 9.87496 0.599299 10.011L2.14724 15.6269C2.1743 15.7266 2.24163 15.8118 2.33405 15.8633C2.42713 15.9147 2.53736 15.9287 2.64034 15.902L3.71498 15.6269L4.49391 15.4286C5.82598 15.0873 7.02277 14.3718 7.92972 13.3721C8.11058 13.6981 8.47034 13.8938 8.85319 13.876C9.2367 13.8582 9.57467 13.6301 9.72254 13.2895C9.9595 13.6263 10.3919 13.7813 10.7998 13.6771C11.2084 13.5729 11.5035 13.231 11.5358 12.8255C11.8613 13.0689 12.3095 13.0931 12.6613 12.8866C13.0132 12.68 13.1953 12.2854 13.1194 11.8952L12.7492 10.5386Z"
}
