{
  "width": 24,
  "height": 24,
  "path": "m12 2c-5.511 0-10 4.489-10 10 0 5.511 4.489 10 10 10 5.511 0 10-4.489 10-10 0-5.511-4.489-10-10-10zm0 2c4.4302 0 8 3.5699 8 8 0 4.4302-3.5698 8-8 8-4.4301 0-8-3.5698-8-8 0-4.4301 3.5699-8 8-8zm0 3a1 1 0 0 0-1 1 1 1 0 0 0 1 1h0.009766a1 1 0 0 0 1-1 1 1 0 0 0-1-1h-0.009766zm-1 4a1 1 0 0 0-1 1 1 1 0 0 0 1 1v3a1.0001 1.0001 0 0 0 1 1h1a1 1 0 0 0 1-1 1 1 0 0 0-1-1v-3a1.0001 1.0001 0 0 0-1-1h-1z"
}
