{
  "width": 23,
  "height": 23,
  "path": "M11.5002 0.969971C8.70733 0.969971 6.02948 2.07951 4.05416 4.05391C2.07978 6.02934 0.970215 8.70709 0.970215 11.5C0.970215 14.2929 2.07975 16.9707 4.05416 18.946C6.02958 20.9204 8.70733 22.03 11.5002 22.03C14.2931 22.03 16.971 20.9204 18.9463 18.946C20.9207 16.9706 22.0302 14.2929 22.0302 11.5C22.0271 8.70817 20.9165 6.03247 18.942 4.05823C16.9674 2.08399 14.2917 0.973211 11.5002 0.969971ZM12.5802 15.82C12.5802 16.4169 12.0972 16.9 11.5002 16.9C10.9033 16.9 10.4202 16.4169 10.4202 15.82V10.69C10.4202 10.093 10.9033 9.60997 11.5002 9.60997C12.0972 9.60997 12.5802 10.093 12.5802 10.69V15.82ZM11.5002 8.25997C11.0636 8.25997 10.6691 7.99735 10.5025 7.5934C10.3348 7.18945 10.4276 6.7254 10.7366 6.41636C11.0456 6.10732 11.5097 6.01452 11.9137 6.18222C12.3176 6.34886 12.5802 6.7433 12.5802 7.17995C12.5802 7.46682 12.4663 7.74103 12.2638 7.94353C12.0613 8.14603 11.7871 8.25995 11.5002 8.25995L11.5002 8.25997Z"
}
