{
  "width": 24,
  "height": 24,
  "path": "m6 3c-2.1973 0-4 1.8027-4 4v10c0 2.1973 1.8027 4 4 4h4c2.1973 0 4-1.8027 4-4v-1a1 1 0 0 0-1-1 1 1 0 0 0-1 1v1c0 1.1165-0.88351 2-2 2h-4c-1.1164 0-2-0.88353-2-2v-10c0-1.1164 0.88359-2 2-2h4c1.1165 0 2 0.88357 2 2v1a1 1 0 0 0 1 1 1 1 0 0 0 1-1v-1c0-2.1973-1.8027-4-4-4h-4zm11.029 4a1 1 0 0 0-0.73633 0.29297 1 1 0 0 0 0 1.4141l2.293 2.293h-11.586a1 1 0 0 0-1 1 1 1 0 0 0 1 1h11.586l-2.293 2.293a1 1 0 0 0 0 1.4141 1 1 0 0 0 1.4141 0l3.959-3.9609a1 1 0 0 0 0.021484-0.019532 1 1 0 0 0 0.029297-0.029296 1 1 0 0 0 0.046875-0.052735 1 1 0 0 0 0.035156-0.042969 1 1 0 0 0 0.017578-0.023437 1 1 0 0 0 0.021485-0.03125 1 1 0 0 0 0.007812-0.013672 1 1 0 0 0 0.015625-0.025391 1 1 0 0 0 0.009766-0.017578 1 1 0 0 0 0.029297-0.05664 1 1 0 0 0 0.023437-0.050782 1 1 0 0 0 0.009766-0.02539 1 1 0 0 0 0.001953-0.007813 1 1 0 0 0 0.023437-0.064453 1 1 0 0 0 0.001954-0.007812 1 1 0 0 0 0.013671-0.054688 1 1 0 0 0 0.00586-0.027344 1 1 0 0 0 0.003906-0.027343 1 1 0 0 0 0.005859-0.027344 1 1 0 0 0 0-0.009766 1 1 0 0 0 0.003907-0.017578 1 1 0 0 0 0.003906-0.05664 1 1 0 0 0 0.001953-0.027344 1 1 0 0 0 0-0.029297 1 1 0 0 0-0.001953-0.029297 1 1 0 0 0 0-0.025391 1 1 0 0 0-0.001953-0.029296 1 1 0 0 0-0.00586-0.054688 1 1 0 0 0-0.001953-0.007812 1 1 0 0 0-0.013672-0.076172 1 1 0 0 0-0.015625-0.058594 1 1 0 0 0-0.005859-0.021484 1 1 0 0 0-0.009766-0.027344 1 1 0 0 0-0.001953-0.007813 1 1 0 0 0-0.029297-0.070312 1 1 0 0 0-0.023437-0.050781 1 1 0 0 0-0.013672-0.025391 1 1 0 0 0-0.027344-0.046875 1 1 0 0 0-0.009765-0.011719 1 1 0 0 0-0.00586-0.011719 1 1 0 0 0-0.033203-0.044921 1 1 0 0 0-0.001953-0.003907 1 1 0 0 0-0.015625-0.019531 1 1 0 0 0-0.035156-0.042969 1 1 0 0 0-0.019532-0.021484 1 1 0 0 0-0.029296-0.029297 1 1 0 0 0-0.03125-0.029297l-3.959-3.9609a1 1 0 0 0-0.67773-0.29297z"
}
