{
  "width": 18,
  "height": 14,
  "path": "M0 0V2.1875H18V0H0ZM0 5.90625V8.09375H18V5.90625H0ZM0 11.8125V14H18V11.8125H0Z"
}
