{
  "width": 17,
  "height": 17,
  "path": "M14.195 14.195C17.34 11.05 17.34 5.95004 14.195 2.80504C11.05 -0.339961 5.95004 -0.339961 2.80504 2.80504C-0.339961 5.95004 -0.339961 11.05 2.80504 14.195C5.95004 17.34 11.05 17.34 14.195 14.195ZM4.09738 4.09738C6.52855 1.66621 10.4897 1.66621 12.92 4.09738C15.3512 6.52855 15.3512 10.4897 12.92 12.92C10.4889 15.3512 6.5277 15.3512 4.09738 12.92C1.66621 10.4889 1.64904 6.5277 4.09738 4.09738ZM11.934 9.46904H5.06638V7.53138H11.9514V9.46904H11.934Z"
}
