{
  "width": 20,
  "height": 20,
  "path": "m10.002 1.709c-2.1274 0-4.2512 0.81174-5.8613 2.4316-3.2398 3.2398-3.2398 8.4985 0 11.738 3.2398 3.2398 8.4985 3.2398 11.738 0s3.2398-8.4985 0-11.738c-1.6199-1.6199-3.7495-2.4316-5.877-2.4316zm-0.001953 1.3652c1.775 0 3.5504 0.67539 4.9004 2.0254 2.7 2.7 2.7 7.1008 0 9.8008s-7.1008 2.7-9.8008 0-2.7-7.1008 0-9.8008c1.35-1.35 3.1254-2.0254 4.9004-2.0254zm0 2.9863c-0.37965 0-0.67969 0.30001-0.67969 0.67969v2.5996h-2.5996c-0.37968 0-0.67969 0.30003-0.67969 0.67969 0 0.3797 0.30001 0.67969 0.67969 0.67969h2.5996v2.5996c0 0.3797 0.30004 0.67969 0.67969 0.67969 0.1797 0 0.36097-0.078919 0.48047-0.19922 0.1203-0.1203 0.19922-0.30077 0.19922-0.48047v-2.5996h2.5996c0.1797 0 0.36097-0.078919 0.48047-0.19922 0.1203-0.1203 0.19922-0.30077 0.19922-0.48047 0-0.37966-0.29999-0.67969-0.67969-0.67969h-2.5996v-2.5996c0-0.37968-0.29999-0.67969-0.67969-0.67969z"
}
