{
  "width": 16,
  "height": 16,
  "path": "m8 0c-4.4184 0-8 3.5816-8 8 0 4.4183 3.5816 8 8 8 4.4183 0 8-3.5817 8-8 0-4.4184-3.5817-8-8-8zm0 1.334c3.6817 0 6.666 2.9843 6.666 6.666 0 3.6817-2.9843 6.666-6.666 6.666-3.6817 0-6.666-2.9843-6.666-6.666 0-3.6817 2.9843-6.666 6.666-6.666zm0 2c-1.4432 0-3 1.0295-3 2.8887 0 0.36751 0.29768 0.66602 0.66602 0.66602s0.66797-0.29851 0.66797-0.66602c0-0.95251 0.77601-1.5566 1.666-1.5566 0.42332 0 0.85689 0.16219 1.1777 0.42969 0.3175 0.26417 0.48828 0.59781 0.48828 0.94531 0 0.57583-0.32766 0.91213-0.84766 1.2305-0.13001 0.08-0.26094 0.15156-0.39844 0.22656l-0.023438 0.013672c-0.12502 0.06749-0.26311 0.1418-0.38477 0.2168-0.12499 0.07751-0.27764 0.18393-0.4043 0.32227-0.13168 0.14414-0.27344 0.36937-0.27344 0.67188v0.52734c0 0.36834 0.29767 0.66602 0.66602 0.66602 0.36834 0 0.66602-0.29768 0.66602-0.66602v-0.35547c0.01417-0.0099999 0.031621-0.021543 0.050781-0.033203 0.08751-0.05417 0.1937-0.11166 0.33203-0.1875l0.0078125-0.0039062c0.13583-0.07418 0.29732-0.16172 0.45898-0.26172 0.6467-0.39588 1.4844-1.0822 1.4844-2.3672 0-0.81917-0.41125-1.5057-0.96875-1.9707-0.55413-0.46166-1.2879-0.73633-2.0312-0.73633zm0 7.332c-0.51584 0-0.93359 0.41769-0.93359 0.93359 0 0.5158 0.41775 0.93359 0.93359 0.93359s0.93359-0.41779 0.93359-0.93359c0-0.5159-0.41775-0.93359-0.93359-0.93359z"
}
