{
  "width": 100,
  "height": 100,
  "path": "m12.344 44.117h-7.8594c-3.5547 0-5.0352 3.4297-4.3008 5.8828l14.234 26.09c1.7188 2.2266 4.6406 2.2227 6.8242-0.87891l14.234-25.211c0.73828-3.0586-0.73828-5.8828-4.3008-5.8828h-6.9492c2.582-14.328 14.559-23.527 28.898-23.527 16.219 0 29.41 13.191 29.41 29.41s-11.762 29.41-29.41 29.41v11.766c23.527 0 41.176-18.469 41.176-41.176s-18.477-41.176-41.176-41.176c-20.766 0-37.996 14.766-40.781 35.293"
}
