{
  "width": 15,
  "height": 15,
  "path": "m1.543 0.77539c-0.44591 0-0.80664 0.36075-0.80664 0.80664v3.2285h1.6152v-2.4199h3.6934v-1.6152h-4.502zm7.2441 0v1.6152h4.0879v2.0625h1.6152v-2.8711c0-0.4459-0.36074-0.80664-0.80664-0.80664h-4.8965zm-8.084 5.8926v1.6152h13.795v-1.6152h-13.795zm0.033203 3.3008v3.3516c0 0.4459 0.36075 0.80664 0.80664 0.80664h4.502v-1.6152h-3.6934v-2.543h-1.6152zm12.139 0.42969v2.1133h-4.0879v1.6152h4.8965c0.4459 0 0.80664-0.36074 0.80664-0.80664v-2.9219h-1.6152z"
}
