{
  "width": 12,
  "height": 12,
  "path": "M11.3403 10.6322L9.21646 8.50784C10.0086 7.62004 10.5003 6.44396 10.5003 5.16008C10.5003 2.38784 8.24422 0.132324 5.47258 0.132324C2.70034 0.132324 0.444336 2.38796 0.444336 5.16008C0.444336 7.9322 2.70046 10.1878 5.4721 10.1878C6.456 10.1878 7.36822 9.90004 8.13598 9.42004L10.3437 11.6278C10.4759 11.76 10.6559 11.8317 10.8359 11.8317C11.0159 11.8317 11.1959 11.7595 11.3281 11.6278C11.6164 11.3522 11.6164 10.9078 11.3403 10.6322L11.3403 10.6322ZM1.8481 5.15996C1.8481 3.16772 3.4681 1.53608 5.47198 1.53608C7.47634 1.53608 9.08422 3.16784 9.08422 5.15996C9.08422 7.15208 7.46422 8.78384 5.47246 8.78384C3.48022 8.78384 1.8481 7.16384 1.8481 5.15996Z"
}
