{
  "width": 15,
  "height": 15,
  "path": "M1.2498 3.59136L0.366211 2.70718L2.70822 0.365234L5.05077 2.70718L4.1666 3.59136L3.33339 2.75757V6.24912H2.08301V2.75757L1.2498 3.59136Z M3.33339 8.74805V12.2396L4.16654 11.4058L5.05071 12.29L2.70816 14.6319L0.366211 12.29L1.2498 11.4058L2.08301 12.2396V8.74805H3.33339Z M6.25024 1.24805H14.3754V2.49785H6.25024V1.24805Z M10.0782 4.99805H6.25024V6.24785H10.0782V4.99805Z M6.25024 12.498H10.0782V13.7478H6.25024V12.498Z M14.3754 8.74805H6.25024V9.99785H14.3754V8.74805Z"
}

