{
  "width": 28,
  "height": 28,
  "path": "m5.5996 5.5996v13.613l-1.4805-1.4785-1.3203 1.3203 3.0742 3.0723c0.36423 0.3642 0.95606 0.3642 1.3203 0l3.0742-3.0723-1.3203-1.3223-1.4805 1.4805v-13.613h-1.8672zm6.5332 1.8672v1.8672h13.066v-1.8672h-13.066zm0 3.7324v1.8672h10.268v-1.8672h-10.268zm0 3.7344v1.8672h7.4668v-1.8672h-7.4668zm0 3.7344v1.8652h4.668v-1.8652h-4.668z"
}
