{
  "width": 15,
  "height": 15,
  "path": "M5.05077 11.2928L4.16718 10.4086L3.33398 11.2424L3.33398 0H2.08359L2.08359 11.2424L1.25039 10.4086L0.366211 11.2928L2.70876 13.6348L5.05077 11.2928ZM6.24999 0.884766H14.3752V2.13457H6.24999V0.884766ZM10.078 4.63477H6.24999V5.88457H10.078V4.63477ZM6.24999 12.1348H10.078V13.3846H6.24999V12.1348ZM14.3752 8.38477H6.24999V9.63457H14.3752V8.38477Z"
}

