{
  "width": 15,
  "height": 15,
  "path": "M0.366211 2.70718L1.2498 3.59136L2.08301 2.75757V14H3.33339V2.75757L4.1666 3.59136L5.05077 2.70718L2.70822 0.365234L0.366211 2.70718Z M6.25024 1.24805H14.3754V2.49785H6.25024V1.24805Z M10.0782 4.99805H6.25024V6.24785H10.0782V4.99805Z M6.25024 12.498H10.0782V13.7478H6.25024V12.498Z M14.3754 8.74805H6.25024V9.99785H14.3754V8.74805Z"
}

