{
  "width": 24,
  "height": 24,
  "path": "M20.4 0H3.6C1.61248 0 0 1.61248 0 3.6V20.4C0 22.3875 1.61248 24 3.6 24H20.4C22.3875 24 24 22.3875 24 20.4V3.6C24 1.61248 22.3875 0 20.4 0ZM21.6 3.6V7.2H16.8V2.4H20.4C21.0625 2.4 21.6 2.93752 21.6 3.6ZM16.8 9.6H21.6V14.4H16.8V9.6ZM14.4 14.4H2.4V9.6H14.4V14.4ZM3.6 2.4H14.4V7.2H2.4V3.6C2.4 2.93752 2.93752 2.4 3.6 2.4ZM2.4 20.4V16.8H14.4V21.6H3.6C2.93752 21.6 2.4 21.0625 2.4 20.4ZM20.4 21.6H16.8V16.8H21.6V20.4C21.6 21.0625 21.0625 21.6 20.4 21.6Z"
}
