{
  "width": 23,
  "height": 23,
  "path": "m11.5 1.7832c-2.1339 0-3.8652 1.7295-3.8652 3.8633 0 2.1338 1.7314 3.8652 3.8652 3.8652 2.1338 0 3.8633-1.7315 3.8633-3.8652 0-2.1338-1.7295-3.8633-3.8633-3.8633zm-0.45508 9.1484c-4.0169 0-7.2715 3.2564-7.2715 7.2734 0 0.5875 0.32312 1.1342 0.84961 1.3965 2.0718 1.0323 4.4064 1.6152 6.8789 1.6152 2.4716 0 4.8051-0.58293 6.877-1.6152 0.5256-0.2623 0.84961-0.80898 0.84961-1.3965 0-4.017-3.2546-7.2734-7.2715-7.2734h-0.001953-0.91016z"
}
